{"cameraMode":{"drawMode":0,"name":"Shaded","section":"Shading Mode"},"sceneLighting":true,"audioPlay":false,"sceneViewState":{"showFog":true,"showMaterialUpdate":true,"showSkybox":true,"showFlares":true,"showImageEffects":true,"showParticleSystems":true},"in2DMode":false,"pivot":{"x":-11.530521392822266,"y":37.600341796875,"z":-5.908821105957031},"rotation":{"x":-0.6528192758560181,"y":-0.06294179707765579,"z":0.054573435336351398,"w":-0.7529196739196777},"size":261.6600646972656,"orthographic":false}